,ID,PreisProQM,Added here,Link,Zimmer,Schlafzimmer,Badezimmer,Wohnfläche ca.,Gesamtmiete,Kaltmiete,Grundriss,Stadtteil,Address,Etage,Objektzustand,Bezugsfrei ab,Typ,Nutzfläche ca.,Nebenkosten,Heizkosten,Ausstattung,Baujahr,Besonderheiten,Bonitätsauskunft,Endenergiebedarf,Energieausweis,Energieausweistyp,Energieeffizienzklasse,Energieverbrauchskennwert,Garage/ Stellplatz,Haustiere,Heizungsart,Internet,Modernisierung/ Sanierung,Wesentliche Energieträger
0,106044784,12.83,07_17,https://www.immobilienscout24.de/expose/106044784,3.0,2,1,102.9,1320,1133,No,Prenzlauer Berg,"Kollwitzstraße 80, 10435 Berlin, Prenzlauer Berg (Prenzlauer Berg)",5 von 6,Gepflegt,sofort,Etagenwohnung,KA,107,80,Gehobene Qualität,KA,"Balkon/ Terrasse, Keller, Personenaufzug, Einbauküche",SCHUFA-BonitätsCheck anfordern,KA,KA,KA,KA,KA,KA,KA,Zentralheizung,Geschwindigkeit prüfen,KA,KA
1,106174217,13.07,07_17,https://www.immobilienscout24.de/expose/106174217,3.0,KA,1,77.2,1009,771,Yep,Wedding,"Nordufer 7a, 13353 Berlin, Wedding (Wedding)",4,Modernisiert,16.08.2018,Etagenwohnung,77.2,238,in Nebenkosten enthalten,KA,1991,"Balkon/ Terrasse, Personenaufzug, Einbauküche, WG-geeignet",SCHUFA-BonitätsCheck anfordern,KA,liegt vor,Verbrauchsausweis,B,KA,Tiefgaragen-Stellplatz,Nach Vereinbarung,Zentralheizung,Geschwindigkeit prüfen,KA,Fernwärme
2,106169557,17.09,07_17,https://www.immobilienscout24.de/expose/106169557,3.0,KA,1,104.7,1789,1574,No,Prenzlauer Berg,"Bornholmer Straße 19, 10439 Berlin, Prenzlauer Berg (Prenzlauer Berg)",3 von 4,Erstbezug nach Sanierung,sofort,Etagenwohnung,KA,145,70,KA,1910,"Balkon/ Terrasse, Einbauküche",erforderlich,140 kWh/(m²*a),KA,Bedarfsausweis,KA,KA,KA,KA,KA,Geschwindigkeit prüfen,zuletzt 2017,Öl
3,106172523,12.55,07_17,https://www.immobilienscout24.de/expose/106172523,3.0,KA,KA,109.41,1373,882,No,Kreuzberg,"Friedrichstr. 237, 10969 Berlin, Kreuzberg (Kreuzberg)",1,Vollständig renoviert,01.10.2018,Etagenwohnung,KA,491,,KA,1901,"Balkon/ Terrasse, Keller",KA,KA,KA,Verbrauchsausweis,KA,"81,3 kWh/(m²*a)",KA,KA,Fernwärme,KA,KA,Fernwärme
4,106170683,17.38,07_17,https://www.immobilienscout24.de/expose/106170683,4.0,3,1,93.21,1620,1350,Yep,Neukölln,"Harzerstr. 4, 12059 Berlin, Neukölln (Neukölln)",4 von 6,Erstbezug nach Sanierung,15.08.2018,Etagenwohnung,5,185,85,Gehobene Qualität,1964,"Balkon/ Terrasse, Keller, Personenaufzug, Einbauküche",SCHUFA-BonitätsCheck anfordern,KA,liegt vor,Verbrauchsausweis,KA,127 kWh/(m²*a),KA,KA,Zentralheizung,KA,zuletzt 2018,Gas
5,106177101,15.52,07_17,https://www.immobilienscout24.de/expose/106177101,3.0,KA,KA,69.93,1085,890,No,Wedding,"Glasgower Str. 7A, 13349 Berlin, Wedding (Wedding)",0,KA,Nach Vereinbarung,Erdgeschosswohnung,KA,195,,KA,1908,Keine Besonderheiten,SCHUFA-BonitätsCheck anfordern,161 kWh/(m²*a),KA,Bedarfsausweis,F,KA,KA,KA,Gas-Heizung,Geschwindigkeit prüfen,KA,KA
6,106177297,17.78,07_17,https://www.immobilienscout24.de/expose/106177297,3.0,KA,1,90.0,1600,1300,No,Unknown,10178 Berlin Die vollständige Adresse der Immobilie erhalten Sie vom Anbieter.,3 von 5,KA,ab sofort,Etagenwohnung,KA,300,in Nebenkosten enthalten,KA,KA,Einbauküche,SCHUFA-BonitätsCheck anfordern,KA,KA,KA,KA,KA,KA,KA,Zentralheizung,Geschwindigkeit prüfen,KA,KA
7,106167337,14.61,07_17,https://www.immobilienscout24.de/expose/106167337,3.0,KA,2,103.0,1505,1339,Yep,Mitte,"Scharnhorststraße 26-27, 10115 Berlin, Mitte (Mitte)",1 von 5,Erstbezug,01.09.2018,Hochparterre,KA,166,in Nebenkosten enthalten,Gehobene Qualität,1910,"Balkon/ Terrasse, Keller, Personenaufzug, Einbauküche, Garten/ -mitbenutzung, Gäste-WC",SCHUFA-BonitätsCheck anfordern,71 kWh/(m²*a),liegt vor,Bedarfsausweis,KA,KA,KA,Nach Vereinbarung,Fernwärme,Geschwindigkeit prüfen,zuletzt 2018,KA
8,104824693,12.45,07_16,https://www.immobilienscout24.de/expose/104824693,3.0,1,1,75.0,934,699,No,Neukölln,"Dieselstraße 15, 12057 Berlin, Neukölln (Neukölln)",2,Erstbezug nach Sanierung,sofort,Etagenwohnung,KA,180,55,Normale Qualität,1974,Personenaufzug,SCHUFA-BonitätsCheck anfordern,KA,liegt vor,Verbrauchsausweis,KA,"155,7 kWh/(m²*a)",KA,Nach Vereinbarung,Fernwärme,Geschwindigkeit prüfen,zuletzt 2018,Fernwärme
9,105843491,14.28,07_16,https://www.immobilienscout24.de/expose/105843491,4.0,3,1,97.85,1397,1175,Yep,Neukölln,"Reuterstraße 48, 12047 Berlin-Neukölln, Neukölln (Neukölln)",4 von 4,Gepflegt,sofort,Etagenwohnung,97.85,155,67,Gehobene Qualität,1905,Keine Besonderheiten,erforderlich,KA,liegt vor,Verbrauchsausweis,KA,"200,44 kWh/(m²*a)",KA,KA,Zentralheizung,Geschwindigkeit prüfen,KA,Gas
10,106072806,20.85,07_16,https://www.immobilienscout24.de/expose/106072806,3.0,KA,1,71.0,1480,1252,No,Unknown,10969 Berlin Die vollständige Adresse der Immobilie erhalten Sie vom Anbieter.,7 von 9,KA,01.11.2018,Etagenwohnung,KA,228,in Nebenkosten enthalten,KA,KA,"Balkon/ Terrasse, Keller, Personenaufzug, Einbauküche, Garten/ -mitbenutzung, Stufenloser Zugang",SCHUFA-BonitätsCheck anfordern,KA,KA,KA,KA,KA,1 Tiefgaragen-Stellplatz,Ja,Zentralheizung,Geschwindigkeit prüfen,KA,KA
11,104824921,12.32,07_16,https://www.immobilienscout24.de/expose/104824921,3.0,KA,1,73.0,899,669,No,Neukölln,"Aronsstr. 61, 12057 Berlin, Neukölln (Neukölln)",5 von 8,Erstbezug nach Sanierung,sofort,Etagenwohnung,KA,175,55,Normale Qualität,1972,"Balkon/ Terrasse, Personenaufzug, Gäste-WC",SCHUFA-BonitätsCheck anfordern,KA,liegt vor,Verbrauchsausweis,KA,"119,6 kWh/(m²*a)",KA,Nach Vereinbarung,Fernwärme,Geschwindigkeit prüfen,zuletzt 2018,Fernwärme
12,105872760,19.96,07_16,https://www.immobilienscout24.de/expose/105872760,3.0,KA,1,84.72,1691,1389,No,Neukölln,"Fuldastraße 1, 12043 Berlin, Neukölln (Neukölln)",1 von 4,Modernisiert,sofort,Etagenwohnung,KA,198,104,KA,1900,Balkon/ Terrasse,erforderlich,KA,KA,Verbrauchsausweis,KA,169 kWh/(m²*a),KA,KA,KA,Geschwindigkeit prüfen,KA,Gas
13,105891820,16.41,07_16,https://www.immobilienscout24.de/expose/105891820,3.0,2,1,88.07,1445,1233,No,Kreuzberg,"Mehringdamm 82, 10965 Berlin-Kreuzberg, Kreuzberg (Kreuzberg)",2 von 5,Renovierungsbedürftig,sofort,Etagenwohnung,88.07,131,81,Normale Qualität,1888,Keine Besonderheiten,erforderlich,KA,liegt vor,Verbrauchsausweis,KA,129 kWh/(m²*a),KA,KA,Zentralheizung,Geschwindigkeit prüfen,KA,Öl
14,106025787,15.27,07_16,https://www.immobilienscout24.de/expose/106025787,3.0,KA,KA,74.58,1139,935,Yep,Neukölln,"Weserstr. 92, 12045 Berlin, Neukölln (Neukölln)",0,Gepflegt,KA,Erdgeschosswohnung,KA,204,,KA,1908,Keine Besonderheiten,SCHUFA-BonitätsCheck anfordern,"170,5 kWh/(m²*a)",KA,Bedarfsausweis,F,KA,KA,KA,Fernwärme,KA,KA,Fernwärme
15,104897042,14.26,07_16,https://www.immobilienscout24.de/expose/104897042,4.0,KA,1,112.8,1609,1449,No,Unknown,10115 Berlin Die vollständige Adresse der Immobilie erhalten Sie vom Anbieter.,5 von 5,KA,ab sofort,KA,KA,160,in Nebenkosten enthalten,KA,1900,"Balkon/ Terrasse, Keller",SCHUFA-BonitätsCheck anfordern,KA,KA,KA,KA,KA,KA,Nein,Zentralheizung,Geschwindigkeit prüfen,KA,Gas
16,105846248,12.53,07_16,https://www.immobilienscout24.de/expose/105846248,4.0,4,1,143.85,1803,1438,No,Prenzlauer Berg,"Schönhauser Allee 133, 10437 Berlin, Prenzlauer Berg (Prenzlauer Berg)",4 von 4,Gepflegt,sofort,Etagenwohnung,KA,195,170,Normale Qualität,1895,"Balkon/ Terrasse, Keller",SCHUFA-BonitätsCheck anfordern,KA,liegt zur Besichtigung vor,KA,KA,KA,KA,Nach Vereinbarung,Zentralheizung,Geschwindigkeit prüfen,KA,Erdgas schwer
17,106079664,19.2,07_16,https://www.immobilienscout24.de/expose/106079664,3.0,2,2,93.33,1792,1540,Yep,Mitte,"Neue Grünstraße 19b, 10179 Berlin, Mitte (Mitte)",2 von 7,Erstbezug,sofort,Etagenwohnung,KA,252,in Nebenkosten enthalten,Luxus,2018,"Balkon/ Terrasse, Keller, Personenaufzug, Einbauküche, Garten/ -mitbenutzung, Gäste-WC, Stufenloser Zugang, WG-geeignet",erforderlich,"81,2 kWh/(m²*a)",liegt vor,Bedarfsausweis,C,KA,1 Tiefgaragen-Stellplatz,KA,Zentralheizung,Verfügbarkeit prüfen,KA,Fernwärme
18,106028376,15.6,07_16,https://www.immobilienscout24.de/expose/106028376,3.0,KA,1,83.0,1295,1035,No,Neukölln,"Hertzbergstrasse XX, 12055 Berlin, Neukölln (Neukölln)",3 von 5,Erstbezug nach Sanierung,ab sofort,Etagenwohnung,KA,260,in Nebenkosten enthalten,Gehobene Qualität,1900,"Einbauküche, WG-geeignet",SCHUFA-BonitätsCheck anfordern,KA,liegt vor,Verbrauchsausweis,KA,154 kWh/(m²*a),KA,Nach Vereinbarung,Zentralheizung,KA,zuletzt 2018,KA
19,105492396,15.09,07_16,https://www.immobilienscout24.de/expose/105492396,3.0,2,1,98.78,1491,1285,No,Neukölln,"Sanderstraße 20, 12047 Berlin-Neukölln, Neukölln (Neukölln)",3 von 4,Renovierungsbedürftig,sofort,Etagenwohnung,98.78,122,84,Normale Qualität,1900,Keller,erforderlich,KA,liegt vor,Verbrauchsausweis,KA,99 kWh/(m²*a),KA,KA,Zentralheizung,Geschwindigkeit prüfen,KA,Gas
20,104919680,12.63,07_16,https://www.immobilienscout24.de/expose/104919680,3.0,2,1,68.0,859,649,No,Neukölln,"Aronsstr. 128, 12057 Berlin, Neukölln (Neukölln)",10,Erstbezug nach Sanierung,sofort,Etagenwohnung,KA,160,50,Normale Qualität,1971,"Balkon/ Terrasse, Personenaufzug, WG-geeignet",SCHUFA-BonitätsCheck anfordern,KA,liegt vor,Verbrauchsausweis,KA,"130,4 kWh/(m²*a)",KA,Nach Vereinbarung,Fernwärme,Geschwindigkeit prüfen,zuletzt 2018,Fernwärme
21,105751086,12.32,07_16,https://www.immobilienscout24.de/expose/105751086,3.0,KA,1,73.0,899,669,No,Neukölln,"Aronsstr. 57, 12057 Berlin, Neukölln (Neukölln)",4,Modernisiert,sofort,Etagenwohnung,KA,175,55,Normale Qualität,1972,"Balkon/ Terrasse, Personenaufzug",SCHUFA-BonitätsCheck anfordern,KA,liegt vor,Verbrauchsausweis,KA,"119,6 kWh/(m²*a)",KA,Nach Vereinbarung,Zentralheizung,Geschwindigkeit prüfen,zuletzt 2018,Fernwärme
22,104955605,23.53,07_16,https://www.immobilienscout24.de/expose/104955605,3.0,KA,1,68.0,1600,1600,Yep,Kreuzberg,"Lausitzer Straße 35, 10999 Berlin, Kreuzberg (Kreuzberg)",2 von 4,Erstbezug nach Sanierung,KA,Etagenwohnung,KA,0,in Nebenkosten enthalten,Gehobene Qualität,unbekannt,"Keller, WG-geeignet",SCHUFA-BonitätsCheck anfordern,KA,liegt zur Besichtigung vor,KA,KA,KA,KA,KA,Zentralheizung,Geschwindigkeit prüfen,zuletzt 2018,Gas
23,103224783,13.48,07_16,https://www.immobilienscout24.de/expose/103224783,4.0,KA,2,114.0,1537,1277,No,Prenzlauer Berg,"Winstrasse 8, 10405 Berlin, Prenzlauer Berg (Prenzlauer Berg)",KA,Saniert,01.05.18,Erdgeschosswohnung,KA,260,in Nebenkosten enthalten,Gehobene Qualität,KA,"Balkon/ Terrasse, Keller, Garten/ -mitbenutzung, Gäste-WC",SCHUFA-BonitätsCheck anfordern,KA,KA,KA,KA,KA,KA,KA,KA,Geschwindigkeit prüfen,zuletzt 2008,KA
24,102146263,17.67,07_16,https://www.immobilienscout24.de/expose/102146263,3.0,2,2,98.27,1736,1490,Yep,Mitte,"Beuthstraße 15, 10117 Berlin, Mitte (Mitte)",1,Erstbezug,sofort,Hochparterre,KA,246,in Nebenkosten enthalten,KA,2017,"Balkon/ Terrasse, Personenaufzug, Einbauküche",KA,"70,8 kWh/(m²*a)",KA,Bedarfsausweis,B,KA,1 Tiefgaragen-Stellplatz,KA,Fußbodenheizung,KA,KA,KA
25,106134315,17.17,07_16,https://www.immobilienscout24.de/expose/106134315,3.0,KA,1,90.3,1550,1300,No,Mitte,"Neue Promenade 7, 10178 Berlin, Mitte (Mitte)",4 von 6,KA,01.09.2018,Sonstige,KA,250,in Nebenkosten enthalten,KA,KA,"Keller, Personenaufzug, Einbauküche, Stufenloser Zugang",SCHUFA-BonitätsCheck anfordern,KA,KA,KA,KA,KA,KA,KA,Zentralheizung,Geschwindigkeit prüfen,KA,KA
26,105023960,18.66,07_16,https://www.immobilienscout24.de/expose/105023960,3.0,1,2,85.35,1593,1370,Yep,Kreuzberg,"Stresemannstraße 67, 10963 Berlin, Kreuzberg (Kreuzberg)",4 von 7,Erstbezug,13.02.2019,Etagenwohnung,KA,223,in Nebenkosten enthalten,Gehobene Qualität,KA,"Balkon/ Terrasse, Keller, Personenaufzug, Einbauküche",SCHUFA-BonitätsCheck anfordern,"61,4 kWh/(m²*a)",liegt vor,Bedarfsausweis,B,KA,KA,Nach Vereinbarung,Zentralheizung,Verfügbarkeit prüfen,KA,KWK fossil
27,105751339,12.66,07_16,https://www.immobilienscout24.de/expose/105751339,3.0,KA,1,71.0,899,669,No,Neukölln,"Aronsstr. 71, 12057 Berlin, Neukölln (Neukölln)",5,Modernisiert,sofort,Etagenwohnung,KA,175,55,Normale Qualität,1972,"Balkon/ Terrasse, Personenaufzug",SCHUFA-BonitätsCheck anfordern,KA,liegt vor,Verbrauchsausweis,KA,"116,1 kWh/(m²*a)",KA,Nach Vereinbarung,Zentralheizung,Geschwindigkeit prüfen,zuletzt 2018,Fernwärme
28,106155994,15.82,07_16,https://www.immobilienscout24.de/expose/106155994,3.0,3,1,110.0,1740,1600,No,Mitte,"Schwartzkopffstr. 4, 10115 Berlin, Mitte (Mitte)",3 von 4,Erstbezug nach Sanierung,sofort,Etagenwohnung,KA,140,nicht in Nebenkosten enthalten,Gehobene Qualität,KA,WG-geeignet,SCHUFA-BonitätsCheck anfordern,KA,liegt vor,KA,KA,KA,KA,KA,KA,Geschwindigkeit prüfen,zuletzt 2018,KA
29,105890224,18.12,07_16,https://www.immobilienscout24.de/expose/105890224,3.0,KA,KA,91.0,1649,1395,Yep,Mitte,"Alex-Wedding-Straße 7, 10178 Berlin, Mitte (Mitte)",8 von 11,Vollständig renoviert,nach Vereinbarung,Etagenwohnung,KA,163,91,KA,2015,"Balkon/ Terrasse, Personenaufzug, Einbauküche",SCHUFA-BonitätsCheck anfordern,33 kWh/(m²*a),KA,Bedarfsausweis,KA,KA,1 Stellplatz,Nach Vereinbarung,Fußbodenheizung,Geschwindigkeit prüfen,KA,KA
30,105923880,18.01,07_16,https://www.immobilienscout24.de/expose/105923880,3.0,2,1,93.0,1675,1442,Yep,Kreuzberg,"Hagelbergerstrasse 43, 10965 Berlin, Kreuzberg (Kreuzberg)",1 von 5,Erstbezug nach Sanierung,sofort,Etagenwohnung,KA,233,in Nebenkosten enthalten,Gehobene Qualität,KA,"Einbauküche, Gäste-WC, WG-geeignet",SCHUFA-BonitätsCheck anfordern,KA,liegt vor,Bedarfsausweis,KA,KA,Außenstellplatz,KA,Etagenheizung,Geschwindigkeit prüfen,zuletzt 2018,Gas
31,105689275,15.63,07_16,https://www.immobilienscout24.de/expose/105689275,3.0,2,2,115.34,1803,1580,Yep,Unknown,12053 Berlin - Neukölln Die vollständige Adresse der Immobilie erhalten Sie vom Anbieter.,4 von 6,Erstbezug,sofort,Etagenwohnung,6,156,67,KA,2018,"Balkon/ Terrasse, Keller, Personenaufzug, Einbauküche, Gäste-WC, Stufenloser Zugang",SCHUFA-BonitätsCheck anfordern,47 kWh/(m²*a),KA,Bedarfsausweis,A,KA,1 Tiefgaragen-Stellplatz,KA,KA,Geschwindigkeit prüfen,KA,Fernwärme
32,80878140,18.16,07_16,https://www.immobilienscout24.de/expose/80878140,4.0,3,1,102.0,1852,1586,No,Kreuzberg,"Mehringdamm 52, 10961 Berlin, Kreuzberg (Kreuzberg)",1 von 3,Gepflegt,01.08.2018,Etagenwohnung,KA,266,in Nebenkosten enthalten,Normale Qualität,1900,WG-geeignet,SCHUFA-BonitätsCheck anfordern,"167,8 kWh/(m²*a)",liegt vor,Bedarfsausweis,KA,KA,KA,Nach Vereinbarung,Zentralheizung,Geschwindigkeit prüfen,KA,Öl
33,106005420,18.29,07_16,https://www.immobilienscout24.de/expose/106005420,4.0,KA,1,81.96,1499,1269,Yep,Wedding,"Pankstraße 57, 13357 Berlin, Wedding (Wedding)",KA,Erstbezug nach Sanierung,Sofort.,Souterrain,KA,148,,KA,1900,Einbauküche,SCHUFA-BonitätsCheck anfordern,131 kWh/(m²*a),liegt vor,Bedarfsausweis,KA,KA,KA,Nach Vereinbarung,Zentralheizung,Geschwindigkeit prüfen,KA,Gas
34,106146154,18.45,07_16,https://www.immobilienscout24.de/expose/106146154,4.0,3,2,105.0,1937,1500,Yep,Unknown,10409 Berlin Die vollständige Adresse der Immobilie erhalten Sie vom Anbieter.,4 von 5,Erstbezug,sofort,Etagenwohnung,107,290,,Gehobene Qualität,2018,"Balkon/ Terrasse, Keller, Personenaufzug, Einbauküche, Gäste-WC, Stufenloser Zugang",SCHUFA-BonitätsCheck anfordern,KA,liegt zur Besichtigung vor,KA,KA,KA,1 Tiefgaragen-Stellplatz,KA,Fußbodenheizung,Geschwindigkeit prüfen,zuletzt 2018,Fernwärme
35,105664428,17.32,07_16,https://www.immobilienscout24.de/expose/105664428,3.0,KA,1,106.0,1836,1590,Yep,Prenzlauer Berg,"Danziger Straße 14, 10435 Berlin, Prenzlauer Berg (Prenzlauer Berg)",3 von 5,KA,15.09.2018,Etagenwohnung,KA,246,nicht in Nebenkosten enthalten,Gehobene Qualität,KA,"Balkon/ Terrasse, Keller, Personenaufzug, Einbauküche",SCHUFA-BonitätsCheck anfordern,KA,KA,KA,KA,KA,KA,Nein,Etagenheizung,Geschwindigkeit prüfen,KA,Gas
36,105340697,12.59,07_16,https://www.immobilienscout24.de/expose/105340697,3.0,KA,KA,89.2,1123,900,Yep,Wedding,"Soldiner Str. 40, 13359 Berlin, Wedding (Wedding)",1,KA,sofort,Etagenwohnung,KA,223,,KA,1983,"Balkon/ Terrasse, Personenaufzug, Garten/ -mitbenutzung",SCHUFA-BonitätsCheck anfordern,KA,KA,Verbrauchsausweis,C,KA,KA,KA,KA,Geschwindigkeit prüfen,KA,Öl
37,106095193,21.21,07_16,https://www.immobilienscout24.de/expose/106095193,3.0,3,2,78.8,1671,1458,Yep,Mitte,"Neue Grünstraße 19d, 10179 Berlin, Mitte (Mitte)",0 von 7,Erstbezug,sofort,Erdgeschosswohnung,KA,213,in Nebenkosten enthalten,Luxus,2018,"Balkon/ Terrasse, Keller, Personenaufzug, Einbauküche, Garten/ -mitbenutzung, Gäste-WC, Stufenloser Zugang, WG-geeignet",erforderlich,"81,2 kWh/(m²*a)",liegt vor,Bedarfsausweis,C,KA,1 Tiefgaragen-Stellplatz,KA,Zentralheizung,Verfügbarkeit prüfen,KA,Fernwärme
38,106079622,20.71,07_16,https://www.immobilienscout24.de/expose/106079622,3.0,3,2,72.15,1494,1299,Yep,Mitte,"Neue Grünstraße 19b, 10179 Berlin, Mitte (Mitte)",0 von 7,Erstbezug,sofort,Erdgeschosswohnung,KA,195,in Nebenkosten enthalten,Luxus,2018,"Balkon/ Terrasse, Keller, Personenaufzug, Einbauküche, Garten/ -mitbenutzung, Stufenloser Zugang, WG-geeignet",erforderlich,"81,2 kWh/(m²*a)",liegt vor,Bedarfsausweis,C,KA,1 Tiefgaragen-Stellplatz,KA,Zentralheizung,Verfügbarkeit prüfen,KA,Fernwärme
39,104537338,16.18,07_16,https://www.immobilienscout24.de/expose/104537338,3.0,KA,1,102.0,1650,1450,Yep,Unknown,10119 Berlin Die vollständige Adresse der Immobilie erhalten Sie vom Anbieter.,2 von 5,Vollständig renoviert,ab sofort,Etagenwohnung,KA,200,in Nebenkosten enthalten,Normale Qualität,1890,Einbauküche,SCHUFA-BonitätsCheck anfordern,KA,liegt vor,Verbrauchsausweis,KA,97 kWh/(m²*a),KA,KA,Zentralheizung,Geschwindigkeit prüfen,zuletzt 2016,Erdgas leicht
40,102272163,15.21,07_16,https://www.immobilienscout24.de/expose/102272163,3.0,2,1,106.83,1625,1389,Yep,Mitte,"Schumannstraße 19, 10117 Berlin-Mitte, Mitte (Mitte)",5 von 5,Vollständig renoviert,sofort,Dachgeschoss,106.83,129,107,Gehobene Qualität,1996,"Balkon/ Terrasse, Personenaufzug, Einbauküche, Gäste-WC",erforderlich,KA,liegt vor,Verbrauchsausweis,KA,92 kWh/(m²*a),1 Tiefgaragen-Stellplatz,KA,Zentralheizung,Geschwindigkeit prüfen,KA,Fernwärme
41,90991987,13.59,07_16,https://www.immobilienscout24.de/expose/90991987,4.0,3,1,105.0,1427,1155,No,Wedding,"Soldiner Str. 98, 13359 Berlin, Wedding (Wedding)",1 von 4,Gepflegt,sofort,Etagenwohnung,KA,142,130,KA,1910,Keine Besonderheiten,SCHUFA-BonitätsCheck anfordern,KA,liegt vor,Verbrauchsausweis,KA,202 kWh/(m²*a),KA,Nach Vereinbarung,Etagenheizung,Geschwindigkeit prüfen,KA,Gas
42,100908634,18.56,07_16,https://www.immobilienscout24.de/expose/100908634,3.0,2,1,87.5,1624,1391,No,Mitte,"Michaelkirchstraße 16, 10179 Berlin, Mitte (Mitte)",0 von 5,Erstbezug,01.06.2018,Erdgeschosswohnung,110,233,in Nebenkosten enthalten,Gehobene Qualität,2017,"Balkon/ Terrasse, Keller, Personenaufzug, Garten/ -mitbenutzung, Stufenloser Zugang",SCHUFA-BonitätsCheck anfordern,KA,liegt zur Besichtigung vor,KA,KA,KA,KA,KA,Fußbodenheizung,Verfügbarkeit prüfen,zuletzt 2017,Fernwärme-Dampf
43,106079692,19.21,07_16,https://www.immobilienscout24.de/expose/106079692,3.0,2,2,94.76,1820,1564,Yep,Mitte,"Neue Grünstraße 19c, 10179 Berlin, Mitte (Mitte)",2 von 7,Erstbezug,sofort,Etagenwohnung,KA,256,in Nebenkosten enthalten,Luxus,2018,"Balkon/ Terrasse, Keller, Personenaufzug, Einbauküche, Garten/ -mitbenutzung, Gäste-WC, Stufenloser Zugang, WG-geeignet",erforderlich,"81,2 kWh/(m²*a)",liegt vor,Bedarfsausweis,C,KA,1 Tiefgaragen-Stellplatz,KA,Zentralheizung,Verfügbarkeit prüfen,KA,Fernwärme
44,105946316,16.45,07_16,https://www.immobilienscout24.de/expose/105946316,3.0,2,1,76.0,1250,984,Yep,Neukölln,"Hermannstraße 126, 12051 Berlin-Neukölln, Neukölln (Neukölln)",5 von 6,Vollständig renoviert,01.07.18,Etagenwohnung,KA,190,76,Normale Qualität,1990,"Balkon/ Terrasse, Keller, Personenaufzug, Einbauküche, WG-geeignet",SCHUFA-BonitätsCheck anfordern,KA,liegt vor,Verbrauchsausweis,KA,"284,5 kWh/(m²*a)",KA,Nach Vereinbarung,Zentralheizung,Geschwindigkeit prüfen,KA,Erdgas leicht
45,93298782,18.17,07_16,https://www.immobilienscout24.de/expose/93298782,3.0,2,1,102.76,1867,1550,No,Kreuzberg,"Graefestr. 75, 10967 Berlin, Kreuzberg (Kreuzberg)",4 von 5,Erstbezug,01.08.2018,Etagenwohnung,KA,112,205,KA,1980,Balkon/ Terrasse,SCHUFA-BonitätsCheck anfordern,KA,liegt vor,Verbrauchsausweis,D,KA,KA,KA,Zentralheizung,KA,zuletzt 2018,Gas
46,106034217,16.45,07_16,https://www.immobilienscout24.de/expose/106034217,3.0,KA,1,91.2,1500,1280,Yep,Wedding,"Ravenéstraße 4, 13347 Berlin, Wedding (Wedding)",2 von 4,Saniert,KA,Etagenwohnung,KA,220,in Nebenkosten enthalten,Gehobene Qualität,KA,"Balkon/ Terrasse, Keller",SCHUFA-BonitätsCheck anfordern,KA,liegt zur Besichtigung vor,KA,KA,KA,KA,Nach Vereinbarung,Zentralheizung,Geschwindigkeit prüfen,zuletzt 2017,KA
47,105985335,15.3,07_16,https://www.immobilienscout24.de/expose/105985335,3.0,KA,2,128.0,1958,1573,No,Mitte,"Monbijouplatz 8, 10178 Berlin, Mitte (Mitte)",4 von 6,KA,01.08.2018,KA,KA,385,in Nebenkosten enthalten,KA,KA,"Balkon/ Terrasse, Keller, Personenaufzug, Einbauküche, Stufenloser Zugang",SCHUFA-BonitätsCheck anfordern,KA,KA,KA,KA,KA,1 Stellplatz,KA,Fußbodenheizung,Geschwindigkeit prüfen,KA,KA
48,106079678,19.21,07_16,https://www.immobilienscout24.de/expose/106079678,3.0,2,2,94.71,1819,1563,Yep,Mitte,"Neue Grünstraße 19c, 10179 Berlin, Mitte (Mitte)",2 von 7,Erstbezug,sofort,Etagenwohnung,KA,256,in Nebenkosten enthalten,Luxus,2018,"Balkon/ Terrasse, Keller, Personenaufzug, Einbauküche, Garten/ -mitbenutzung, Gäste-WC, Stufenloser Zugang, WG-geeignet",erforderlich,"81,2 kWh/(m²*a)",liegt vor,Bedarfsausweis,C,KA,1 Tiefgaragen-Stellplatz,KA,Zentralheizung,Verfügbarkeit prüfen,KA,Fernwärme
49,106057161,14.61,07_16,https://www.immobilienscout24.de/expose/106057161,3.0,2,1,80.0,1169,949,No,Neukölln,"Nogatstraße 46, 12051 Berlin, Neukölln (Neukölln)",KA,KA,sofort,Erdgeschosswohnung,KA,220,in Nebenkosten enthalten,KA,1912,"Keller, WG-geeignet",erforderlich,138 kWh/(m²*a),liegt vor,Bedarfsausweis,KA,KA,KA,KA,Zentralheizung,Geschwindigkeit prüfen,KA,Gas
50,105939335,16.75,07_16,https://www.immobilienscout24.de/expose/105939335,4.5,3,1,97.0,1625,1355,No,Prenzlauer Berg,"Schönhauser Allee 52a, 10437 Berlin, Prenzlauer Berg (Prenzlauer Berg)",1 von 4,KA,sofort,Etagenwohnung,KA,270,in Nebenkosten enthalten,KA,1920,"Einbauküche, WG-geeignet",erforderlich,KA,liegt vor,Verbrauchsausweis,D,KA,KA,KA,Zentralheizung,Geschwindigkeit prüfen,KA,Gas
51,106102315,16.34,07_16,https://www.immobilienscout24.de/expose/106102315,3.0,2,2,102.74,1679,1376,No,Prenzlauer Berg,"Saarbrücker Straße 34, 10405 Berlin, Prenzlauer Berg (Prenzlauer Berg)",KA,Neuwertig,sofort,Etagenwohnung,KA,154,49,Gehobene Qualität,2015,"Balkon/ Terrasse, Personenaufzug, Einbauküche, Gäste-WC",SCHUFA-BonitätsCheck anfordern,70 kWh/(m²*a),KA,Bedarfsausweis,KA,KA,1 Garage,KA,KA,KA,KA,Gas
52,105029636,12.44,07_16,https://www.immobilienscout24.de/expose/105029636,3.0,KA,1,73.4,913,719,No,Kreuzberg,"Wilhelmstraße 111, 10963 Berlin, Kreuzberg (Kreuzberg)",0,Gepflegt,KA,Erdgeschosswohnung,KA,141,51,KA,1987,"Balkon/ Terrasse, Personenaufzug",SCHUFA-BonitätsCheck anfordern,KA,liegt vor,Verbrauchsausweis,KA,"130,3 kWh/(m²*a)",KA,KA,Zentralheizung,Geschwindigkeit prüfen,KA,Öl
53,75797695,17.96,07_16,https://www.immobilienscout24.de/expose/75797695,3.0,2,1,98.0,1760,1600,Yep,Prenzlauer Berg,"Danziger Strasse xx, 10435 Berlin, Prenzlauer Berg (Prenzlauer Berg)",3 von 4,Erstbezug nach Sanierung,1.9.2018,Etagenwohnung,98,160,nicht in Nebenkosten enthalten,Gehobene Qualität,unbekannt,"Balkon/ Terrasse, Keller, Einbauküche",erforderlich,KA,liegt vor,Verbrauchsausweis,C,KA,KA,Nach Vereinbarung,Etagenheizung,KA,zuletzt 2018,Gas
54,105663529,15.94,07_16,https://www.immobilienscout24.de/expose/105663529,4.0,4,1,107.38,1712,1444,Yep,Unknown,10407 Berlin Die vollständige Adresse der Immobilie erhalten Sie vom Anbieter.,4 von 4,Vollständig renoviert,Sofort,Etagenwohnung,KA,161,in Nebenkosten enthalten,Gehobene Qualität,1905,"Balkon/ Terrasse, Gäste-WC",SCHUFA-BonitätsCheck anfordern,KA,KA,Verbrauchsausweis,KA,109 kWh/(m²*a),KA,KA,Zentralheizung,KA,zuletzt 2007,Gas
55,105752463,14.92,07_16,https://www.immobilienscout24.de/expose/105752463,3.0,2,1,110.0,1641,1425,No,Unknown,10439 Berlin Die vollständige Adresse der Immobilie erhalten Sie vom Anbieter.,4 von 4,Gepflegt,sofort,Etagenwohnung,110,216,nicht in Nebenkosten enthalten,Normale Qualität,1900,"Balkon/ Terrasse, Einbauküche",erforderlich,"151,7 kWh/(m²*a)",liegt vor,Bedarfsausweis,KA,KA,KA,Nach Vereinbarung,Etagenheizung,Geschwindigkeit prüfen,KA,Erdgas leicht
56,106153130,75.45,07_16,https://www.immobilienscout24.de/expose/106153130,4.0,KA,KA,11.0,830,690,No,Mitte,"Wolliner Straße 9, 10437 Berlin, Mitte (Mitte)",KA,Erstbezug,01.08.2018,KA,KA,140,keine Angabe,KA,2018,"Balkon/ Terrasse, Gäste-WC",SCHUFA-BonitätsCheck anfordern,10 kWh/(m²*a),liegt vor,Bedarfsausweis,KA,KA,KA,Nach Vereinbarung,KA,Geschwindigkeit prüfen,KA,KA
57,97800688,20.59,07_16,https://www.immobilienscout24.de/expose/97800688,3.0,2,1,88.48,1822,1471,Yep,Mitte,"Berolinastr. 7, 10178 Berlin, Mitte (Mitte)",7 von 7,Erstbezug,sofort,Etagenwohnung,KA,221,in Nebenkosten enthalten,KA,2017,"Balkon/ Terrasse, Keller, Personenaufzug, Einbauküche",erforderlich,52 kWh/(m²*a),liegt vor,Bedarfsausweis,B,KA,1 Tiefgaragen-Stellplatz,KA,Fernwärme,Geschwindigkeit prüfen,KA,KA
58,104725564,14.85,07_16,https://www.immobilienscout24.de/expose/104725564,4.0,2,1,111.12,1650,1400,Yep,Neukölln,"Delbrückstr. 56/57, 12051 Berlin, Neukölln (Neukölln)",3 von 3,Erstbezug nach Sanierung,Juni 2018,Etagenwohnung,111.12,130,,Gehobene Qualität,1900,Balkon/ Terrasse,SCHUFA-BonitätsCheck anfordern,KA,liegt vor,Verbrauchsausweis,KA,120 kWh/(m²*a),KA,Nach Vereinbarung,Etagenheizung,Geschwindigkeit prüfen,zuletzt 2018,Gas
59,105572121,20.46,07_16,https://www.immobilienscout24.de/expose/105572121,3.0,2,1,69.3,1418,1248,Yep,Neukölln,"Kienitzer Straße 100, 12049 Berlin, Neukölln (Neukölln)",1 von 5,Modernisiert,01.07.2018,Etagenwohnung,69.3,100,70,Gehobene Qualität,1900,"Keller, Einbauküche",SCHUFA-BonitätsCheck anfordern,146 kWh/(m²*a),liegt vor,Bedarfsausweis,KA,KA,KA,Nach Vereinbarung,Zentralheizung,Geschwindigkeit prüfen,zuletzt 2018,Fernwärme
60,106146805,12.77,07_16,https://www.immobilienscout24.de/expose/106146805,3.0,KA,1,77.2,986,710,Yep,Kreuzberg,"Falckensteinstraße 37, 10997 Berlin, Kreuzberg (Kreuzberg)",1 von 4,Gepflegt,ab sofort,Etagenwohnung,KA,276,in Nebenkosten enthalten,Normale Qualität,1890,Keller,erforderlich,KA,KA,KA,KA,KA,KA,KA,Zentralheizung,Geschwindigkeit prüfen,zuletzt 2012,Gas
61,106155344,12.86,07_16,https://www.immobilienscout24.de/expose/106155344,4.0,KA,KA,98.0,1260,980,Yep,Wedding,"Liebenwalder Str. 20, 13347 Berlin, Wedding (Wedding)",4 von 4,Saniert,ab sofort,Sonstige,KA,280,in Nebenkosten enthalten,KA,KA,Keine Besonderheiten,SCHUFA-BonitätsCheck anfordern,KA,liegt vor,KA,KA,KA,KA,KA,KA,Verfügbarkeit prüfen,KA,KA
62,105751513,12.18,07_16,https://www.immobilienscout24.de/expose/105751513,3.0,KA,1,82.0,999,749,No,Neukölln,"Sonnenallee 277, 12057 Berlin, Neukölln (Neukölln)",8,Modernisiert,sofort,Etagenwohnung,KA,190,60,Normale Qualität,1971,"Balkon/ Terrasse, Personenaufzug, Gäste-WC, WG-geeignet",SCHUFA-BonitätsCheck anfordern,KA,liegt vor,Verbrauchsausweis,KA,"130,4 kWh/(m²*a)",KA,Nach Vereinbarung,Zentralheizung,Geschwindigkeit prüfen,zuletzt 2018,Fernwärme
63,106070307,16.07,07_16,https://www.immobilienscout24.de/expose/106070307,3.0,KA,KA,96.03,1543,1239,Yep,Prenzlauer Berg,"Prenzlauer Allee 184, 10405 Berlin, Prenzlauer Berg (Prenzlauer Berg)",4,Gepflegt,01.08.2018,Etagenwohnung,KA,304,,KA,1906,Balkon/ Terrasse,SCHUFA-BonitätsCheck anfordern,KA,KA,Verbrauchsausweis,KA,121 kWh/(m²*a),KA,KA,Fernwärme,Geschwindigkeit prüfen,KA,Gas
64,105190969,12.33,07_16,https://www.immobilienscout24.de/expose/105190969,3.0,KA,1,81.0,999,749,No,Neukölln,"Dieselstr. 7, 12057 Berlin, Neukölln (Neukölln)",16,Gepflegt,sofort,Etagenwohnung,KA,190,60,Normale Qualität,1973,"Balkon/ Terrasse, Personenaufzug, WG-geeignet",SCHUFA-BonitätsCheck anfordern,KA,liegt vor,Verbrauchsausweis,KA,"112,9 kWh/(m²*a)",KA,Nach Vereinbarung,Fernwärme,Geschwindigkeit prüfen,KA,Fernwärme
65,105343666,14.92,07_16,https://www.immobilienscout24.de/expose/105343666,3.0,2,1,110.0,1641,1425,No,Unknown,10439 Berlin Die vollständige Adresse der Immobilie erhalten Sie vom Anbieter.,4 von 4,Gepflegt,sofort,Etagenwohnung,110,216,nicht in Nebenkosten enthalten,Normale Qualität,1900,"Balkon/ Terrasse, Einbauküche",erforderlich,"151,7 kWh/(m²*a)",liegt vor,Bedarfsausweis,KA,KA,KA,Nach Vereinbarung,Etagenheizung,Geschwindigkeit prüfen,KA,Erdgas leicht
66,105602344,15.67,07_16,https://www.immobilienscout24.de/expose/105602344,3.0,KA,1,105.0,1645,1495,Yep,Wedding,"Gerichtstrasse 19, 13347 Berlin, Wedding (Wedding)",5 von 5,Erstbezug nach Sanierung,15.07.2018,Dachgeschoss,KA,150,in Nebenkosten enthalten,Luxus,KA,"Balkon/ Terrasse, Keller, Einbauküche, Garten/ -mitbenutzung, WG-geeignet",SCHUFA-BonitätsCheck anfordern,148 kWh/(m²*a),liegt vor,Bedarfsausweis,A+,KA,KA,Nach Vereinbarung,Öl-Heizung,Geschwindigkeit prüfen,zuletzt 2018,Öl
67,106114218,17.28,07_16,https://www.immobilienscout24.de/expose/106114218,3.0,2,2,89.47,1546,1252,No,Prenzlauer Berg,"Straßburger Straße 6 A, 10405 Berlin, Prenzlauer Berg (Prenzlauer Berg)",KA,Neuwertig,sofort,Etagenwohnung,KA,141,53,Gehobene Qualität,2015,"Balkon/ Terrasse, Personenaufzug, Einbauküche, Gäste-WC",SCHUFA-BonitätsCheck anfordern,70 kWh/(m²*a),KA,Bedarfsausweis,KA,KA,1 Garage,KA,KA,KA,KA,Gas
68,105641453,17.09,07_16,https://www.immobilienscout24.de/expose/105641453,3.0,1,1,94.0,1606,1450,Yep,Prenzlauer Berg,"Danziger Straße 14, 10435 Berlin, Prenzlauer Berg (Prenzlauer Berg)",3 von 5,KA,15.09.2018,Etagenwohnung,94,216,60,Gehobene Qualität,unbekannt,"Balkon/ Terrasse, Keller, Personenaufzug, Einbauküche",SCHUFA-BonitätsCheck anfordern,KA,KA,KA,KA,KA,KA,Nein,Etagenheizung,Geschwindigkeit prüfen,zuletzt 2016,Gas
69,105915465,18.15,07_16,https://www.immobilienscout24.de/expose/105915465,3.0,KA,KA,74.38,1350,1150,Yep,Neukölln,"Elsenstraße 61, 12059 Berlin, Neukölln (Neukölln)",4 von 4,Gepflegt,sofort,Etagenwohnung,KA,120,80,KA,1930,"Balkon/ Terrasse, Einbauküche, WG-geeignet",KA,KA,liegt vor,Verbrauchsausweis,D,KA,KA,KA,Fernwärme,Geschwindigkeit prüfen,KA,Fernwärme
70,104321206,12.59,07_16,https://www.immobilienscout24.de/expose/104321206,4.0,KA,1,119.08,1499,1199,No,Unknown,10439 Berlin Die vollständige Adresse der Immobilie erhalten Sie vom Anbieter.,0,Modernisiert,01.02.2018,Sonstige,KA,300,in Nebenkosten enthalten,KA,1902,Einbauküche,SCHUFA-BonitätsCheck anfordern,KA,liegt vor,Verbrauchsausweis,KA,143 kWh/(m²*a),KA,KA,Zentralheizung,KA,KA,Gas
71,105451566,14.62,07_16,https://www.immobilienscout24.de/expose/105451566,3.0,3,1,107.4,1570,1330,No,Mitte,"Linienstraße 134, 10115 Berlin, Mitte (Mitte)",3 von 5,Saniert,sofort,Etagenwohnung,KA,160,110,KA,1895,"Personenaufzug, Gäste-WC, WG-geeignet",SCHUFA-BonitätsCheck anfordern,KA,liegt vor,Verbrauchsausweis,KA,"140,9 kWh/(m²*a)",KA,KA,Zentralheizung,Geschwindigkeit prüfen,KA,Gas
72,104577164,18.26,07_16,https://www.immobilienscout24.de/expose/104577164,3.0,KA,1,86.0,1570,1350,Yep,Neukölln,"Am Sudhaus 1A, 12053 Berlin, Neukölln (Neukölln)",4 von 5,Erstbezug,ab sofort,Etagenwohnung,KA,220,in Nebenkosten enthalten,Gehobene Qualität,2018,"Balkon/ Terrasse, Keller, Personenaufzug, Einbauküche, Stufenloser Zugang",SCHUFA-BonitätsCheck anfordern,"39,3 kWh/(m²*a)",liegt vor,Bedarfsausweis,KA,KA,1 Tiefgaragen-Stellplatz,Nein,Fußbodenheizung,Geschwindigkeit prüfen,zuletzt 2018,Fernwärme
73,105746361,15.22,07_16,https://www.immobilienscout24.de/expose/105746361,3.0,KA,KA,78.76,1199,986,No,Neukölln,"Wildenbruchstraße 9, 12045 Berlin, Neukölln (Neukölln)",3,Gepflegt,01.09.2018,Etagenwohnung,78.76,213,,Gehobene Qualität,1927,"Balkon/ Terrasse, WG-geeignet",SCHUFA-BonitätsCheck anfordern,KA,liegt vor,Verbrauchsausweis,KA,107 kWh/(m²*a),KA,Nach Vereinbarung,Zentralheizung,Geschwindigkeit prüfen,KA,Fernwärme
74,105002626,16.64,07_16,https://www.immobilienscout24.de/expose/105002626,3.0,1,1,89.0,1481,1201,No,Neukölln,"Sonnenallee 149, 12059 Berlin, Neukölln (Neukölln)",5 von 5,Vollständig renoviert,KA,Dachgeschoss,KA,140,140,Normale Qualität,1902,"Balkon/ Terrasse, Personenaufzug",SCHUFA-BonitätsCheck anfordern,KA,liegt vor,Verbrauchsausweis,KA,138 kWh/(m²*a),KA,Nach Vereinbarung,Zentralheizung,Geschwindigkeit prüfen,zuletzt 2017,Öl
75,106092241,16.0,07_16,https://www.immobilienscout24.de/expose/106092241,3.0,2,1,90.04,1441,1216,Yep,Mitte,"Rosa-Luxemburg-Straße 5, 10178 Berlin-Mitte, Mitte (Mitte)",3 von 5,Gepflegt,sofort,Etagenwohnung,90.04,128,97,Normale Qualität,1881,"Keller, Personenaufzug, Einbauküche, Gäste-WC",erforderlich,127 kWh/(m²*a),liegt vor,Bedarfsausweis,KA,KA,KA,KA,Zentralheizung,Geschwindigkeit prüfen,KA,Fernwärme
76,106034992,18.14,07_16,https://www.immobilienscout24.de/expose/106034992,3.0,KA,1,91.31,1656,1426,No,Prenzlauer Berg,"Immanuelkirchstraße 4, 10405 Berlin, Prenzlauer Berg (Prenzlauer Berg)",5 von 5,KA,01.08.2018,Dachgeschoss,KA,140,90,KA,KA,"Balkon/ Terrasse, Einbauküche",SCHUFA-BonitätsCheck anfordern,KA,KA,KA,KA,KA,KA,KA,KA,Geschwindigkeit prüfen,KA,KA
77,105998966,12.55,07_16,https://www.immobilienscout24.de/expose/105998966,5.0,5,1,145.0,1820,1599,Yep,Unknown,10997 Berlin Die vollständige Adresse der Immobilie erhalten Sie vom Anbieter.,3 von 4,Gepflegt,sofort,KA,145,221,keine Angabe,KA,KA,Gäste-WC,SCHUFA-BonitätsCheck anfordern,KA,KA,KA,KA,KA,KA,KA,Etagenheizung,KA,KA,Gas
78,106077619,10.83,07_16,https://www.immobilienscout24.de/expose/106077619,4.0,4,1,90.0,975,750,No,Wedding,"Wollankstr. 32, 13359 Berlin, Wedding (Wedding)",4,Neuwertig,sofort,Etagenwohnung,KA,180,45,Normale Qualität,1970,Personenaufzug,SCHUFA-BonitätsCheck anfordern,KA,liegt vor,Verbrauchsausweis,KA,125 kWh/(m²*a),KA,Nach Vereinbarung,Zentralheizung,Geschwindigkeit prüfen,zuletzt 2018,Gas
79,105919740,19.18,07_16,https://www.immobilienscout24.de/expose/105919740,4.0,3,2,90.92,1744,1471,Yep,Unknown,10969 Berlin Die vollständige Adresse der Immobilie erhalten Sie vom Anbieter.,7 von 9,Neuwertig,sofort,Etagenwohnung,KA,273,in Nebenkosten enthalten,Gehobene Qualität,2014,"Balkon/ Terrasse, Keller, Personenaufzug, Einbauküche, Gäste-WC, WG-geeignet",SCHUFA-BonitätsCheck anfordern,47 kWh/(m²*a),liegt vor,Bedarfsausweis,KA,KA,Tiefgaragen-Stellplatz,Nach Vereinbarung,Fernwärme,Geschwindigkeit prüfen,KA,Fernwärme
80,104875389,17.06,07_16,https://www.immobilienscout24.de/expose/104875389,3.0,KA,KA,85.0,1450,1320,Yep,Neukölln,"Juliusstraße 28, 12051 Berlin, Neukölln (Neukölln)",3 von 4,Modernisiert,01.08.2018,Etagenwohnung,KA,130,nicht in Nebenkosten enthalten,KA,1930,"Keller, Einbauküche, WG-geeignet",KA,KA,liegt vor,Verbrauchsausweis,E,KA,KA,KA,Zentralheizung,Geschwindigkeit prüfen,KA,Gas
81,105924592,19.01,07_16,https://www.immobilienscout24.de/expose/105924592,3.0,KA,KA,85.0,1616,1480,Yep,Prenzlauer Berg,"Czarnikauer Str. 17, 10439 Berlin, Prenzlauer Berg (Prenzlauer Berg)",5,Erstbezug,1.8.,Dachgeschoss,KA,136,nicht in Nebenkosten enthalten,KA,1900,Balkon/ Terrasse,erforderlich,165 kWh/(m²*a),liegt vor,Bedarfsausweis,KA,KA,KA,Nach Vereinbarung,Etagenheizung,KA,zuletzt 2018,Erdgas schwer
82,105399136,14.24,07_16,https://www.immobilienscout24.de/expose/105399136,3.0,1,1,114.89,1636,1378,No,Prenzlauer Berg,"Aalesunder Str. 1, 10439 Berlin, Prenzlauer Berg (Prenzlauer Berg)",2 von 5,Modernisiert,31.08.2018,Etagenwohnung,114.89,100,158,Normale Qualität,1904,Balkon/ Terrasse,SCHUFA-BonitätsCheck anfordern,"162,2 kWh/(m²*a)",liegt vor,Bedarfsausweis,KA,KA,KA,KA,Zentralheizung,Geschwindigkeit prüfen,zuletzt 2012,Kohle
83,105728516,15.03,07_16,https://www.immobilienscout24.de/expose/105728516,3.0,KA,KA,106.44,1600,1350,Yep,Wedding,"Sprengelstraße 33, 13353 Berlin, Wedding (Wedding)",2 von 6,Saniert,sofort,Etagenwohnung,KA,150,100,KA,1908,"Balkon/ Terrasse, Keller, Personenaufzug, Einbauküche",KA,KA,liegt vor,Verbrauchsausweis,D,KA,KA,KA,Zentralheizung,Geschwindigkeit prüfen,KA,Gas
84,104869907,15.41,07_16,https://www.immobilienscout24.de/expose/104869907,3.0,2,1,109.0,1680,1308,Yep,Kreuzberg,"Mehringdamm 53, 10961 Berlin, Kreuzberg (Kreuzberg)",2 von 3,Gepflegt,01.07.2018,Etagenwohnung,109,192,180,Gehobene Qualität,1860,Keine Besonderheiten,SCHUFA-BonitätsCheck anfordern,KA,laut Gesetz nicht erforderlich,KA,KA,KA,KA,KA,Zentralheizung,Geschwindigkeit prüfen,zuletzt 2012,Gas
85,70697369,19.68,07_16,https://www.immobilienscout24.de/expose/70697369,3.5,1,2,94.0,1850,1550,No,Mitte,"Dresdener Strasse 34 B, 10179 Berlin, Mitte (Mitte)",KA,Neuwertig,01.09.2013,Erdgeschosswohnung,97,300,,Gehobene Qualität,2011,"Balkon/ Terrasse, Keller, Personenaufzug, Einbauküche, Garten/ -mitbenutzung, Gäste-WC",SCHUFA-BonitätsCheck anfordern,KA,liegt vor,KA,KA,KA,1 Tiefgaragen-Stellplatz,Ja,Fußbodenheizung,Geschwindigkeit prüfen,KA,KA
86,99593665,18.12,07_16,https://www.immobilienscout24.de/expose/99593665,3.0,KA,KA,80.0,1450,1300,No,Prenzlauer Berg,"Walter-Friedländer-Straße 22, 10249 Berlin, Prenzlauer Berg (Prenzlauer Berg)",KA,KA,KA,Etagenwohnung,KA,keine Angabe,nicht in Nebenkosten enthalten,KA,KA,"Balkon/ Terrasse, Keller, Personenaufzug, Einbauküche, Garten/ -mitbenutzung",SCHUFA-BonitätsCheck anfordern,KA,KA,KA,KA,KA,KA,KA,KA,Geschwindigkeit prüfen,KA,KA
87,106114284,16.64,07_16,https://www.immobilienscout24.de/expose/106114284,3.0,2,2,87.19,1451,1264,No,Prenzlauer Berg,"Straßburger Straße 6, 10405 Berlin, Prenzlauer Berg (Prenzlauer Berg)",KA,Neuwertig,sofort,Etagenwohnung,KA,130,57,Gehobene Qualität,2015,"Balkon/ Terrasse, Personenaufzug, Einbauküche",SCHUFA-BonitätsCheck anfordern,70 kWh/(m²*a),KA,Bedarfsausweis,KA,KA,KA,KA,KA,KA,KA,Gas
88,106028553,19.65,07_16,https://www.immobilienscout24.de/expose/106028553,3.0,2,2,85.0,1670,1400,Yep,Mitte,"Kommandantenstraße 76, 10117 Berlin, Mitte (Mitte)",5 von 7,Erstbezug,sofort,Etagenwohnung,KA,270,,Luxus,2015,"Balkon/ Terrasse, Keller, Personenaufzug, Einbauküche, Gäste-WC, Stufenloser Zugang",SCHUFA-BonitätsCheck anfordern,"70,4 kWh/(m²*a)",liegt vor,Bedarfsausweis,B,KA,Tiefgaragen-Stellplatz,KA,Zentralheizung,Geschwindigkeit prüfen,zuletzt 2015,Fernwärme
89,106079639,22.72,07_16,https://www.immobilienscout24.de/expose/106079639,3.0,2,1,65.41,1486,1309,Yep,Mitte,"Neue Grünstraße 19c, 10179 Berlin, Mitte (Mitte)",2 von 7,Erstbezug,sofort,Etagenwohnung,KA,177,in Nebenkosten enthalten,Luxus,2018,"Balkon/ Terrasse, Keller, Personenaufzug, Einbauküche, Garten/ -mitbenutzung, Stufenloser Zugang, WG-geeignet",erforderlich,"81,2 kWh/(m²*a)",liegt vor,Bedarfsausweis,C,KA,1 Tiefgaragen-Stellplatz,KA,Zentralheizung,Verfügbarkeit prüfen,KA,Fernwärme
90,96489669,20.09,07_16,https://www.immobilienscout24.de/expose/96489669,3.0,2,1,87.5,1758,1530,No,Mitte,"Schwartzkopffstr. 19, 10115 Berlin, Mitte (Mitte)",4 von 4,Erstbezug nach Sanierung,01.06.2018,Etagenwohnung,87.5,140,88,Gehobene Qualität,1900,"Balkon/ Terrasse, Keller",SCHUFA-BonitätsCheck anfordern,KA,liegt vor,Verbrauchsausweis,KA,113 kWh/(m²*a),KA,Nach Vereinbarung,Zentralheizung,Geschwindigkeit prüfen,zuletzt 2018,Gas
91,105297769,16.64,07_16,https://www.immobilienscout24.de/expose/105297769,3.0,1,1,89.0,1481,1201,No,Neukölln,"Sonnenallee 149, 12059 Berlin, Neukölln (Neukölln)",5 von 5,Vollständig renoviert,KA,Dachgeschoss,KA,140,140,Normale Qualität,1902,"Balkon/ Terrasse, Personenaufzug",SCHUFA-BonitätsCheck anfordern,KA,liegt vor,Verbrauchsausweis,KA,138 kWh/(m²*a),KA,Nach Vereinbarung,Zentralheizung,Geschwindigkeit prüfen,zuletzt 2017,Öl
92,106126768,9.53,07_16,https://www.immobilienscout24.de/expose/106126768,3.0,KA,KA,115.44,1100,1100,No,Mitte,"Seydelstraße 29, 10117 Berlin, Mitte (Mitte)",5 von 10,Erstbezug nach Sanierung,KA,Dachgeschoss,KA,keine Angabe,in Nebenkosten enthalten,Gehobene Qualität,2011,"Balkon/ Terrasse, Keller, Einbauküche, Gäste-WC",SCHUFA-BonitätsCheck anfordern,KA,KA,KA,KA,KA,Garage,KA,Zentralheizung,Geschwindigkeit prüfen,zuletzt 2017,Gas
93,103388627,17.35,07_16,https://www.immobilienscout24.de/expose/103388627,3.0,KA,1,72.35,1255,990,Yep,Unknown,10243 Berlin Die vollständige Adresse der Immobilie erhalten Sie vom Anbieter.,2 von 7,Vollständig renoviert,ab sofort,Etagenwohnung,KA,265,in Nebenkosten enthalten,Gehobene Qualität,1953,"Keller, Personenaufzug",SCHUFA-BonitätsCheck anfordern,KA,liegt vor,Verbrauchsausweis,KA,149 kWh/(m²*a),KA,Nach Vereinbarung,KA,Geschwindigkeit prüfen,zuletzt 2017,Fernwärme
94,106007842,17.17,07_16,https://www.immobilienscout24.de/expose/106007842,3.0,KA,1,90.0,1545,1320,Yep,Unknown,10115 Berlin Die vollständige Adresse der Immobilie erhalten Sie vom Anbieter.,2 von 5,KA,01.09.2018,Sonstige,KA,225,in Nebenkosten enthalten,Gehobene Qualität,unbekannt,"Balkon/ Terrasse, Keller, Personenaufzug, Einbauküche",erforderlich,KA,laut Gesetz nicht erforderlich,KA,KA,KA,KA,Nein,Zentralheizung,Geschwindigkeit prüfen,KA,KA
95,105800804,17.0,07_16,https://www.immobilienscout24.de/expose/105800804,3.0,2,2,110.0,1870,1600,No,Unknown,10249 Berlin Die vollständige Adresse der Immobilie erhalten Sie vom Anbieter.,4 von 4,Neuwertig,01.08.2018,Dachgeschoss,KA,270,in Nebenkosten enthalten,KA,2017,"Balkon/ Terrasse, Personenaufzug, Einbauküche, Gäste-WC, Stufenloser Zugang",SCHUFA-BonitätsCheck anfordern,KA,liegt vor,Verbrauchsausweis,KA,77 kWh/(m²*a),KA,Nach Vereinbarung,Fernwärme,Geschwindigkeit prüfen,zuletzt 2018,Gas
96,106153215,71.82,07_16,https://www.immobilienscout24.de/expose/106153215,4.0,KA,KA,11.0,790,650,No,Mitte,"Wolliner Straße 9, 10437 Berlin, Mitte (Mitte)",KA,Erstbezug,01.08.2018,KA,KA,140,keine Angabe,KA,2018,"Balkon/ Terrasse, Gäste-WC",SCHUFA-BonitätsCheck anfordern,10 kWh/(m²*a),liegt vor,Bedarfsausweis,KA,KA,KA,Nach Vereinbarung,KA,Geschwindigkeit prüfen,KA,KA
97,106043165,14.22,07_16,https://www.immobilienscout24.de/expose/106043165,3.5,KA,KA,121.0,1721,1458,No,Unknown,12043 Berlin-Neukölln Die vollständige Adresse der Immobilie erhalten Sie vom Anbieter.,KA,KA,KA,Etagenwohnung,KA,263,in Nebenkosten enthalten,KA,KA,Keine Besonderheiten,SCHUFA-BonitätsCheck anfordern,KA,KA,KA,KA,KA,KA,KA,Gas-Heizung,Geschwindigkeit prüfen,KA,KA
98,98774797,17.22,07_16,https://www.immobilienscout24.de/expose/98774797,3.0,2,1,92.82,1598,1393,Yep,Mitte,"Schumannstraße 19, 10117 Berlin-Mitte, Mitte (Mitte)",2 von 5,Vollständig renoviert,sofort,Etagenwohnung,92.82,112,93,Gehobene Qualität,1996,"Balkon/ Terrasse, Keller, Personenaufzug, Einbauküche",erforderlich,KA,liegt vor,Verbrauchsausweis,KA,92 kWh/(m²*a),KA,KA,Zentralheizung,Geschwindigkeit prüfen,KA,Fernwärme
99,105101231,13.64,07_16,https://www.immobilienscout24.de/expose/105101231,3.0,2,1,55.0,750,600,Yep,Mitte,"Wadzeckstraße 12, 10178 Berlin, Mitte (Mitte)",8 von 10,Erstbezug nach Sanierung,01.08.2018,Etagenwohnung,6,150,in Nebenkosten enthalten,Gehobene Qualität,1966,"Keller, Personenaufzug, WG-geeignet",SCHUFA-BonitätsCheck anfordern,KA,liegt vor,Verbrauchsausweis,KA,98 kWh/(m²*a),KA,KA,Zentralheizung,Geschwindigkeit prüfen,zuletzt 2018,Fernwärme
100,105873615,18.02,07_16,https://www.immobilienscout24.de/expose/105873615,3.0,KA,1,97.08,1749,1598,No,Neukölln,"Laubestraße 8, 12045 Berlin, Neukölln (Neukölln)",1 von 4,Modernisiert,sofort,Etagenwohnung,KA,151,0,KA,1900,Einbauküche,erforderlich,127 kWh/(m²*a),KA,Bedarfsausweis,KA,KA,KA,KA,KA,Geschwindigkeit prüfen,KA,Gas
101,104554622,12.73,07_16,https://www.immobilienscout24.de/expose/104554622,3.0,2,1,73.0,929,699,No,Neukölln,"Dieselstraße 5, 12057 Berlin, Neukölln (Neukölln)",10 von 16,Gepflegt,sofort,Etagenwohnung,KA,175,55,Normale Qualität,1973,"Balkon/ Terrasse, Personenaufzug",SCHUFA-BonitätsCheck anfordern,KA,liegt vor,Verbrauchsausweis,KA,"112,9 kWh/(m²*a)",KA,Nach Vereinbarung,Fernwärme,Geschwindigkeit prüfen,KA,Fernwärme
102,85817085,13.13,07_16,https://www.immobilienscout24.de/expose/85817085,3.0,KA,KA,87.49,1149,892,No,Kreuzberg,"Kottbusser Damm 35, 10967 Berlin, Kreuzberg (Kreuzberg)",1 von 4,Modernisiert,01.09.2018,Etagenwohnung,KA,257,,Gehobene Qualität,1886,WG-geeignet,SCHUFA-BonitätsCheck anfordern,KA,liegt vor,Verbrauchsausweis,KA,104 kWh/(m²*a),KA,Nach Vereinbarung,Zentralheizung,Geschwindigkeit prüfen,KA,Fernwärme
103,90698193,13.85,07_16,https://www.immobilienscout24.de/expose/90698193,3.0,2,1,101.0,1399,1149,No,Neukölln,"Boschweg 13, 12057 Berlin, Neukölln (Neukölln)",10 von 10,Erstbezug nach Sanierung,01.08.2018,Dachgeschoss,101,250,in Nebenkosten enthalten,Gehobene Qualität,1964,Personenaufzug,SCHUFA-BonitätsCheck anfordern,KA,liegt vor,Verbrauchsausweis,KA,"347,7 kWh/(m²*a)",1 Außenstellplatz,KA,Zentralheizung,Geschwindigkeit prüfen,zuletzt 2016,Fernwärme
104,106031689,9.88,07_16,https://www.immobilienscout24.de/expose/106031689,3.0,KA,2,101.0,998,898,No,Wedding,"Utrechter 43, 13347 Berlin, Wedding (Wedding)",1 von 4,KA,15.07.2018,Etagenwohnung,KA,100,nicht in Nebenkosten enthalten,KA,KA,Balkon/ Terrasse,SCHUFA-BonitätsCheck anfordern,KA,KA,KA,KA,KA,KA,Nein,Etagenheizung,Geschwindigkeit prüfen,KA,KA
105,106153005,62.73,07_16,https://www.immobilienscout24.de/expose/106153005,4.0,KA,KA,11.0,690,550,No,Mitte,"Wolliner Straße 9, 10437 Berlin, Mitte (Mitte)",KA,Erstbezug,01.08.2018,KA,KA,140,keine Angabe,KA,2018,"Balkon/ Terrasse, Gäste-WC",SCHUFA-BonitätsCheck anfordern,10 kWh/(m²*a),liegt vor,Bedarfsausweis,KA,KA,KA,Nach Vereinbarung,KA,Geschwindigkeit prüfen,KA,KA
106,105921235,19.33,07_16,https://www.immobilienscout24.de/expose/105921235,4.0,3,2,82.31,1591,1344,Yep,Unknown,10969 Berlin Die vollständige Adresse der Immobilie erhalten Sie vom Anbieter.,2 von 7,Neuwertig,sofort,Etagenwohnung,KA,247,in Nebenkosten enthalten,Gehobene Qualität,2014,"Balkon/ Terrasse, Keller, Personenaufzug, Einbauküche, Gäste-WC, WG-geeignet",SCHUFA-BonitätsCheck anfordern,49 kWh/(m²*a),liegt vor,Bedarfsausweis,KA,KA,Tiefgaragen-Stellplatz,Nach Vereinbarung,Fernwärme,Geschwindigkeit prüfen,KA,Fernwärme
107,105443742,12.48,07_16,https://www.immobilienscout24.de/expose/105443742,3.0,KA,KA,92.06,1149,891,No,Kreuzberg,"Urbanstr. 83, 10967 Berlin, Kreuzberg (Kreuzberg)",1,Modernisiert,01.09.2018,Etagenwohnung,KA,258,,Gehobene Qualität,1886,Keine Besonderheiten,SCHUFA-BonitätsCheck anfordern,KA,liegt vor,Verbrauchsausweis,KA,104 kWh/(m²*a),KA,Nach Vereinbarung,Zentralheizung,Geschwindigkeit prüfen,KA,Fernwärme
108,105730834,16.51,07_16,https://www.immobilienscout24.de/expose/105730834,3.0,2,1,108.3,1788,1500,Yep,Unknown,10115 Berlin Die vollständige Adresse der Immobilie erhalten Sie vom Anbieter.,4 von 5,Gepflegt,sofort,Etagenwohnung,KA,288,in Nebenkosten enthalten,Gehobene Qualität,1915,"Balkon/ Terrasse, Keller, Einbauküche",SCHUFA-BonitätsCheck anfordern,KA,liegt vor,Verbrauchsausweis,KA,102 kWh/(m²*a),KA,Nach Vereinbarung,Etagenheizung,Geschwindigkeit prüfen,zuletzt 2001,Gas
109,103874371,13.6,07_16,https://www.immobilienscout24.de/expose/103874371,4.0,3,1,132.0,1795,1595,No,Neukölln,"Hermannstraße 30, 12049 Berlin, Neukölln (Neukölln)",3 von 4,Vollständig renoviert,KA,Etagenwohnung,132,200,nicht in Nebenkosten enthalten,KA,1904,"Balkon/ Terrasse, Keller",SCHUFA-BonitätsCheck anfordern,KA,liegt vor,Verbrauchsausweis,E,KA,KA,KA,Etagenheizung,Geschwindigkeit prüfen,zuletzt 2014,Gas
110,105848005,18.82,07_16,https://www.immobilienscout24.de/expose/105848005,3.0,2,1,98.15,1847,1594,Yep,Mitte,"Chausseestraße 41 c, 10115 Berlin, Mitte (Mitte)",2 von 6,Erstbezug,01.08.,Etagenwohnung,KA,161,83,Gehobene Qualität,2017,"Balkon/ Terrasse, Keller, Personenaufzug, Einbauküche, Stufenloser Zugang, WG-geeignet",erforderlich,43 kWh/(m²*a),liegt vor,Bedarfsausweis,A,KA,Tiefgaragen-Stellplatz,Nach Vereinbarung,Fußbodenheizung,Geschwindigkeit prüfen,KA,Fernwärme
111,98908336,12.76,07_16,https://www.immobilienscout24.de/expose/98908336,3.0,KA,KA,96.0,1225,945,Yep,Unknown,10961 Berlin - Zossener Straße Die vollständige Adresse der Immobilie erhalten Sie vom Anbieter.,KA,Gepflegt,Sofort,KA,KA,280,in Nebenkosten enthalten,Normale Qualität,1904,"Balkon/ Terrasse, Einbauküche",KA,KA,liegt vor,Verbrauchsausweis,KA,"128,1 kWh/(m²*a)",KA,Nach Vereinbarung,Zentralheizung,KA,KA,Erdgas schwer
112,103596094,16.26,07_16,https://www.immobilienscout24.de/expose/103596094,3.5,2,1,111.3,1810,1500,Yep,Unknown,10969 Berlin Die vollständige Adresse der Immobilie erhalten Sie vom Anbieter.,4 von 4,Erstbezug,August 2018,Etagenwohnung,KA,310,in Nebenkosten enthalten,Gehobene Qualität,2018,"Balkon/ Terrasse, Keller, Personenaufzug, Einbauküche, Gäste-WC",SCHUFA-BonitätsCheck anfordern,KA,liegt zur Besichtigung vor,KA,KA,KA,KA,Nein,Fußbodenheizung,Verfügbarkeit prüfen,KA,Fernwärme
113,106131217,20.48,07_16,https://www.immobilienscout24.de/expose/106131217,3.0,KA,1,83.0,1700,1400,No,Unknown,10178 Berlin Die vollständige Adresse der Immobilie erhalten Sie vom Anbieter.,3 von 3,KA,01.09.2018,Terrassenwohnung,KA,300,in Nebenkosten enthalten,KA,KA,"Balkon/ Terrasse, Keller, Einbauküche",SCHUFA-BonitätsCheck anfordern,KA,KA,KA,KA,KA,KA,KA,Zentralheizung,Geschwindigkeit prüfen,KA,KA
114,104879659,18.63,07_16,https://www.immobilienscout24.de/expose/104879659,3.0,KA,KA,80.5,1500,1400,Yep,Neukölln,"Sonnenallee 99, 12045 Berlin, Neukölln (Neukölln)",4,KA,sofort,Etagenwohnung,KA,100,nicht in Nebenkosten enthalten,KA,1900,"Einbauküche, WG-geeignet",KA,133 kWh/(m²*a),liegt vor,Bedarfsausweis,KA,KA,KA,KA,Etagenheizung,Geschwindigkeit prüfen,KA,Gas
115,106021400,10.75,07_16,https://www.immobilienscout24.de/expose/106021400,4.0,1,1,100.0,1075,800,No,Mitte,"Ifflandstr. 3, 10179 Berlin, Mitte (Mitte)",3 von 10,Vollständig renoviert,15.08.2018,Sonstige,100,275,in Nebenkosten enthalten,Gehobene Qualität,1967,"Balkon/ Terrasse, Keller, Personenaufzug, WG-geeignet",SCHUFA-BonitätsCheck anfordern,KA,KA,KA,KA,KA,KA,KA,Zentralheizung,Geschwindigkeit prüfen,zuletzt 2018,Fernwärme
116,105965615,15.0,07_16,https://www.immobilienscout24.de/expose/105965615,3.0,KA,1,106.0,1590,1350,No,Unknown,10437 Berlin / Prenzlauer Berg Die vollständige Adresse der Immobilie erhalten Sie vom Anbieter.,KA,Modernisiert,1.8.2018,Maisonette,KA,240,in Nebenkosten enthalten,KA,1909,Einbauküche,SCHUFA-BonitätsCheck anfordern,101 kWh/(m²*a),liegt vor,Bedarfsausweis,KA,KA,KA,Nach Vereinbarung,Etagenheizung,Geschwindigkeit prüfen,KA,Gas
117,104817151,17.32,07_16,https://www.immobilienscout24.de/expose/104817151,3.0,KA,1,89.49,1550,1350,No,Mitte,"Seydelstrasse 9-11, 10117 Berlin, Mitte (Mitte)",4 von 6,Neuwertig,01.09.2018,Etagenwohnung,KA,200,in Nebenkosten enthalten,Gehobene Qualität,2013,"Balkon/ Terrasse, Keller, Personenaufzug, Einbauküche, Gäste-WC",SCHUFA-BonitätsCheck anfordern,73 kWh/(m²*a),liegt vor,Bedarfsausweis,KA,KA,1 Tiefgaragen-Stellplatz,Nein,Fernwärme,Geschwindigkeit prüfen,KA,Fernwärme
118,104320443,16.66,07_16,https://www.immobilienscout24.de/expose/104320443,3.0,KA,1,90.67,1511,1249,Yep,Unknown,12043 Berlin Die vollständige Adresse der Immobilie erhalten Sie vom Anbieter.,0,KA,01.04.2018,Loft,KA,262,in Nebenkosten enthalten,KA,1905,"Einbauküche, Garten/ -mitbenutzung",SCHUFA-BonitätsCheck anfordern,KA,liegt vor,Verbrauchsausweis,D,KA,KA,KA,Zentralheizung,KA,KA,Fernwärme
119,105847375,19.83,07_16,https://www.immobilienscout24.de/expose/105847375,3.0,2,1,85.95,1704,1482,Yep,Mitte,"Schwartzkopffstraße 7 F, 10115 Berlin, Mitte (Mitte)",2 von 5,Erstbezug,01.09.,Etagenwohnung,KA,141,73,Gehobene Qualität,2017,"Balkon/ Terrasse, Keller, Personenaufzug, Einbauküche, Stufenloser Zugang, WG-geeignet",erforderlich,43 kWh/(m²*a),liegt vor,Bedarfsausweis,A,KA,Tiefgaragen-Stellplatz,Nach Vereinbarung,Fußbodenheizung,Geschwindigkeit prüfen,KA,Fernwärme
120,105103229,15.71,07_16,https://www.immobilienscout24.de/expose/105103229,3.0,KA,KA,105.0,1650,1500,Yep,Neukölln,"Stuttgarter Straße 7, 12059 Berlin, Neukölln (Neukölln)",3 von 5,Saniert,sofort,Etagenwohnung,KA,150,nicht in Nebenkosten enthalten,KA,1910,"Balkon/ Terrasse, Einbauküche, WG-geeignet",KA,KA,liegt vor,Verbrauchsausweis,KA,150 kWh/(m²*a),KA,KA,Etagenheizung,Geschwindigkeit prüfen,KA,Gas
121,104288899,18.67,07_16,https://www.immobilienscout24.de/expose/104288899,3.0,3,1,75.0,1400,1200,No,Unknown,10961 Berlin Die vollständige Adresse der Immobilie erhalten Sie vom Anbieter.,4 von 5,KA,01.05.2018,Etagenwohnung,KA,200,,KA,unbekannt,"Einbauküche, WG-geeignet",SCHUFA-BonitätsCheck anfordern,KA,liegt zur Besichtigung vor,KA,KA,KA,KA,KA,Etagenheizung,Geschwindigkeit prüfen,KA,Gas
